{
  "images" : [
    {
      "filename" : "book1-1.jpeg",
      "idiom" : "universal",
      "scale" : "1x"
    },
    {
      "appearances" : [
        {
          "appearance" : "contrast",
          "value" : "high"
        }
      ],
      "filename" : "book1.jpeg",
      "idiom" : "universal",
      "scale" : "1x"
    },
    {
      "idiom" : "universal",
      "scale" : "2x"
    },
    {
      "appearances" : [
        {
          "appearance" : "contrast",
          "value" : "high"
        }
      ],
      "idiom" : "universal",
      "scale" : "2x"
    },
    {
      "idiom" : "universal",
      "scale" : "3x"
    },
    {
      "appearances" : [
        {
          "appearance" : "contrast",
          "value" : "high"
        }
      ],
      "idiom" : "universal",
      "scale" : "3x"
    }
  ],
  "info" : {
    "author" : "xcode",
    "version" : 1
  }
}
